{"cameraMode":{"drawMode":0,"name":"Shaded","section":"Shading Mode"},"sceneLighting":true,"audioPlay":false,"sceneViewState":{"m_AlwaysRefresh":false,"showFog":true,"showSkybox":true,"showFlares":true,"showImageEffects":true,"showParticleSystems":true,"showVisualEffectGraphs":true,"m_FxEnabled":false},"in2DMode":false,"pivot":{"x":-9.71727466583252,"y":1.4397882223129273,"z":0.23564434051513673},"rotation":{"x":0.23945464193820954,"y":0.008736960589885712,"z":-0.0021435380913317205,"w":0.9708800315856934},"size":5.136565208435059,"orthographic":false}