{"cameraMode":{"drawMode":0,"name":"Shaded","section":"Shading Mode"},"sceneLighting":true,"audioPlay":false,"sceneViewState":{"m_AlwaysRefresh":false,"showFog":true,"showSkybox":true,"showFlares":true,"showImageEffects":true,"showParticleSystems":true,"showVisualEffectGraphs":true,"m_FxEnabled":false},"in2DMode":false,"pivot":{"x":-4.197108268737793,"y":0.5385093688964844,"z":-2.455510139465332},"rotation":{"x":0.3763144910335541,"y":0.0027753773611038925,"z":-0.0011289316462352872,"w":0.926503598690033},"size":6.619400978088379,"orthographic":false}